ExF1, ExAc, MicF1, MacF1, AvePrec, Rankloss
0.4853676925987311,0.3719060463691649,0.4870626665520502,0.19001278307887923,0.4642839422454696,0.4989863607116775
