ExF1, ExAc, MicF1, MacF1, AvePrec, Rankloss
0.41312829813226765,0.3754782685356598,0.4521037463976945,0.39482040229640725,0.5100511362085901,0.5505825195095647
