ExF1, ExAc, MicF1, MacF1, AvePrec, Rankloss
0.6015550001473363,0.5014916040226451,0.6179403589994152,0.5127430725888957,0.6440252637862732,0.3772747893741717
