ExF1, ExAc, MicF1, MacF1, AvePrec, Rankloss
0.15659424836695518,0.11424251390882553,0.16397871554790563,0.1335652292725604,0.2449237183461176,0.8444079238688643
