ExF1, ExAc, MicF1, MacF1, AvePrec, Rankloss
0.2610015442374279,0.20199159064114644,0.24919347651724444,0.21990625383659906,0.3414050052313738,0.7251365402980401
