ExF1, ExAc, MicF1, MacF1, AvePrec, Rankloss
0.262938856511679,0.20379252987141047,0.2515940891619773,0.22156603900013386,0.3429678840426046,0.7232523983917104
