ExF1, ExAc, MicF1, MacF1, AvePrec, Rankloss
0.2691963931355288,0.2296719826188335,0.2330815357059419,0.20080436497730145,0.37971834787779496,0.7141684371188969
