ExF1, ExAc, MicF1, MacF1, AvePrec, Rankloss
0.34930972311927827,0.26228198371101036,0.4018792656347852,0.2916539825081811,0.5776916327306975,0.7253057485194373
