ExF1, ExAc, MicF1, MacF1, AvePrec, Rankloss
0.3530173641285514,0.26572867287198687,0.40611605483704183,0.29531056839157815,0.5793115982394812,0.7219064225010732
