ExF1, ExAc, MicF1, MacF1, AvePrec, Rankloss
0.37275390698571165,0.2967012468811824,0.35572772942758085,0.2891392579662975,0.4552672868022346,0.6212169872780273
