ExF1, ExAc, MicF1, MacF1, AvePrec, Rankloss
0.37149411489394213,0.29540969887451257,0.35467669949989206,0.28842671597526315,0.45477436770752316,0.6224178524312431
