ExF1, ExAc, MicF1, MacF1, AvePrec, Rankloss
0.20146107120505713,0.15694323285067488,0.23286050208482523,0.12053481107417985,0.2811014894187707,0.7992006534375944
