ExF1, ExAc, MicF1, MacF1, AvePrec, Rankloss
0.393708516816652,0.3222674092612365,0.4263432308236126,0.3259588963300086,0.458511667932019,0.5737092380986277
