ExF1, ExAc, MicF1, MacF1, AvePrec, Rankloss
0.2739518697004529,0.20684894922532956,0.29359364164933055,0.14837759313264784,0.2991642127200826,0.7180434413142586
