ExF1, ExAc, MicF1, MacF1, AvePrec, Rankloss
0.265723302571551,0.20134087921267002,0.28685769169201214,0.14512135493930461,0.28917773602298125,0.726388981223955
