ExF1, ExAc, MicF1, MacF1, AvePrec, Rankloss
0.269086130423243,0.2034145913561601,0.2904293954283273,0.14468276236072966,0.29470684238065387,0.7224400565478333
