ExF1, ExAc, MicF1, MacF1, AvePrec, Rankloss
0.2671582778811513,0.20249362036207663,0.2874072492393103,0.14464376107611365,0.2899730873568194,0.7260890164922139
