ExF1, ExAc, MicF1, MacF1, AvePrec, Rankloss
0.1617761489018291,0.11473814656237911,0.16930385360038097,0.13943340597722204,0.24301208522289508,0.8291201939202193
