ExF1, ExAc, MicF1, MacF1, AvePrec, Rankloss
0.16156645612842244,0.11458550077750505,0.1688739873871476,0.13884873241649925,0.24269878695735883,0.8292007739972793
