ExF1, ExAc, MicF1, MacF1, AvePrec, Rankloss
0.15649337620647133,0.1141385399041074,0.16377508869125723,0.13325417257275834,0.24483981698448862,0.8444723720493064
