ExF1, ExAc, MicF1, MacF1, AvePrec, Rankloss
0.21882589761737958,0.16383887309018516,0.21878974141585417,0.1887842747843268,0.30472796122665385,0.766398918671219
