ExF1, ExAc, MicF1, MacF1, AvePrec, Rankloss
0.21681335340513574,0.1619670964145695,0.21706861293279742,0.18697262234403203,0.3030641187084477,0.7684773360795528
