ExF1, ExAc, MicF1, MacF1, AvePrec, Rankloss
0.23046039147625186,0.19279154391670636,0.20950814536340853,0.1784322128650776,0.34684622500661394,0.7545212118330823
