ExF1, ExAc, MicF1, MacF1, AvePrec, Rankloss
0.2667841437665711,0.2271780322358989,0.2308829249319331,0.19780869183668956,0.3756776257134592,0.7165156622453251
