ExF1, ExAc, MicF1, MacF1, AvePrec, Rankloss
0.22763718873877536,0.19010805398503824,0.20607383727729914,0.17536932592337356,0.3444385395411491,0.7570380504292107
