ExF1, ExAc, MicF1, MacF1, AvePrec, Rankloss
0.37866590160979535,0.2814545588360889,0.41345005272126945,0.3496777394405715,0.5587178422093974,0.6992682326008238
