ExF1, ExAc, MicF1, MacF1, AvePrec, Rankloss
0.3777391870466921,0.2800016788117802,0.4118090108541433,0.3503965911030535,0.5566154559403821,0.7008643341969116
