ExF1, ExAc, MicF1, MacF1, AvePrec, Rankloss
0.34360404700227487,0.2665058528797301,0.33117689752393714,0.2647600295748756,0.4312810186296139,0.6475168114457192
