ExF1, ExAc, MicF1, MacF1, AvePrec, Rankloss
0.34224548534710325,0.2649766086577607,0.3300560084483185,0.26322794650801007,0.43030538438987836,0.6485639921571115
